method,n,exact_match,char_f1,edit_similarity
direct_replacement,70,0.02857142857142857,0.7411033695214729,0.735225914584199
