method,n,exact_match,char_f1,edit_similarity
gpt_basic_standardization,70,0.04285714285714286,0.7278848646004313,0.7135565184655523
