method,n,exact_match,char_f1,edit_similarity
gpt_direct_translation,70,0.02857142857142857,0.722763856551742,0.7046063151760136
